{"cameraMode":{"drawMode":0,"name":"Shaded","section":"Shading Mode"},"sceneLighting":true,"audioPlay":false,"sceneViewState":{"m_AlwaysRefresh":false,"showFog":true,"showSkybox":true,"showFlares":true,"showImageEffects":true,"showParticleSystems":true,"showVisualEffectGraphs":true,"m_FxEnabled":false},"in2DMode":false,"pivot":{"x":0.38341832160949709,"y":-1.1874393224716187,"z":-1.4092800617218018},"rotation":{"x":0.3942752778530121,"y":-0.20404300093650819,"z":0.09024006128311157,"w":0.891502320766449},"size":8.312640190124512,"orthographic":true}